{
  "model": "esn",
  "fold": 0,
  "horizon": "target_h1",
  "rmse": 0.010097866116891948,
  "mae": 0.00785189785917498,
  "r2": -0.47537810049941376,
  "dir_acc": 0.5277777777777778,
  "backtest": {
    "avg_daily_pnl": 0.000840630933736941,
    "vol": 0.00827769615774013,
    "sharpe": 1.612,
    "hit_ratio": 0.528,
    "turnover": 0.853
  }
}