{
  "model": "esn",
  "fold": 0,
  "horizon": "target_h1",
  "rmse": 0.008568321119362106,
  "mae": 0.006363180639850731,
  "r2": -0.27118992848981405,
  "dir_acc": 0.5634920634920635,
  "backtest": {
    "avg_daily_pnl": 0.000957338400196453,
    "vol": 0.007569626268211934,
    "sharpe": 2.008,
    "hit_ratio": 0.563,
    "turnover": 0.869
  }
}