{
  "model": "esn",
  "fold": 0,
  "horizon": "target_h1",
  "rmse": 0.00889436622939035,
  "mae": 0.0068028113436580506,
  "r2": -0.36978153166341365,
  "dir_acc": 0.4603174603174603,
  "backtest": {
    "avg_daily_pnl": -0.00016039151340538173,
    "vol": 0.007636608828429393,
    "sharpe": -0.333,
    "hit_ratio": 0.46,
    "turnover": 0.845
  }
}