{
  "model": "lstm",
  "exp_id": "m4_seq_len64_hidden128_epochs15_c55f1d79",
  "fold": 0,
  "horizon": "target_h1",
  "rmse": 0.008497677205813873,
  "mae": 0.00634076311899555,
  "r2": -0.2503216484060167,
  "dir_acc": 0.47619047619047616,
  "backtest": {
    "avg_daily_pnl": -1.4491977241660848e-05,
    "vol": 0.0076446566599729605,
    "sharpe": -0.03,
    "hit_ratio": 0.476,
    "turnover": 0.496
  }
}