{
  "model": "lstm",
  "exp_id": "m4_seq_len32_hidden128_epochs15_73029574",
  "fold": 0,
  "horizon": "target_h1",
  "rmse": 0.0076622809802635115,
  "mae": 0.0055234087501790305,
  "r2": -0.016570349736937384,
  "dir_acc": 0.5079365079365079,
  "backtest": {
    "avg_daily_pnl": 0.0004747963448993157,
    "vol": 0.007633514221940939,
    "sharpe": 0.987,
    "hit_ratio": 0.508,
    "turnover": 0.282
  }
}