{
  "model": "tcn",
  "fold": 0,
  "horizon": "target_h1",
  "rmse": 0.028565828277856687,
  "mae": 0.01933288642621591,
  "r2": -10.80695093504171,
  "dir_acc": 0.5515873015873016,
  "backtest": {
    "avg_daily_pnl": 0.00043271224656116436,
    "vol": 0.008313077681158226,
    "sharpe": 0.826,
    "hit_ratio": 0.552,
    "turnover": 0.631
  }
}