{
  "model": "tcn",
  "fold": 0,
  "horizon": "target_h1",
  "rmse": 0.011666337831757786,
  "mae": 0.008667871466191102,
  "r2": -1.3566244976833626,
  "dir_acc": 0.5476190476190477,
  "backtest": {
    "avg_daily_pnl": 0.000633587874147198,
    "vol": 0.007611462171194855,
    "sharpe": 1.321,
    "hit_ratio": 0.548,
    "turnover": 0.687
  }
}