{
  "model": "lstm",
  "exp_id": "m4_seq_len64_hidden256_epochs15_67243fb2",
  "fold": 0,
  "horizon": "target_h1",
  "rmse": 0.00760334340675955,
  "mae": 0.0054606403119499694,
  "r2": -0.0009917609082628065,
  "dir_acc": 0.5,
  "backtest": {
    "avg_daily_pnl": 0.00030671535237290055,
    "vol": 0.007638347132123581,
    "sharpe": 0.637,
    "hit_ratio": 0.5,
    "turnover": 0.321
  }
}