{
  "model": "tcn",
  "exp_id": "m4_seq_len32_channels64_64_epochs15_ec981f35",
  "fold": 0,
  "horizon": "target_h1",
  "rmse": 0.009551178445879513,
  "mae": 0.007153938562941728,
  "r2": -0.5795566606703422,
  "dir_acc": 0.44047619047619047,
  "backtest": {
    "avg_daily_pnl": -0.001145029256619247,
    "vol": 0.007576493829936211,
    "sharpe": -2.399,
    "hit_ratio": 0.44,
    "turnover": 0.726
  }
}