{
  "model": "lstm",
  "exp_id": "m4_seq_len32_hidden128_epochs15_510c6a10",
  "fold": 0,
  "horizon": "target_h1",
  "rmse": 0.007557637504246715,
  "mae": 0.0053506473184057645,
  "r2": 0.011006571256366171,
  "dir_acc": 0.5476190476190477,
  "backtest": {
    "avg_daily_pnl": 0.0006232390202696558,
    "vol": 0.00761783226251315,
    "sharpe": 1.299,
    "hit_ratio": 0.548,
    "turnover": 0.544
  }
}