{
  "model": "esn",
  "exp_id": "m4_hidden_size400_spectral_radius0.85_leak_rate0.3_ridge_alpha3",
  "fold": 0,
  "horizon": "target_h1",
  "rmse": 0.008570599468308477,
  "mae": 0.006375678394773674,
  "r2": -0.2718728306629328,
  "dir_acc": 0.4722222222222222,
  "backtest": {
    "avg_daily_pnl": 1.6721073840115742e-05,
    "vol": 0.007647120925452809,
    "sharpe": 0.035,
    "hit_ratio": 0.472,
    "turnover": 0.48
  }
}