{
  "model": "tcn",
  "exp_id": "m4_seq_len32_channels64_128_epochs15_3889c8ee",
  "fold": 0,
  "horizon": "target_h1",
  "rmse": 0.008921145607789893,
  "mae": 0.006697250954235796,
  "r2": -0.3780422932281271,
  "dir_acc": 0.5238095238095238,
  "backtest": {
    "avg_daily_pnl": 8.016848156401707e-05,
    "vol": 0.007648432557824473,
    "sharpe": 0.166,
    "hit_ratio": 0.524,
    "turnover": 0.702
  }
}