{
  "model": "esn",
  "exp_id": "m4_hidden_size400_spectral_radius0.95_leak_rate1.0_ridge_alpha0",
  "fold": 0,
  "horizon": "target_h1",
  "rmse": 0.00916156440109317,
  "mae": 0.006662786629016363,
  "r2": -0.4533177191671933,
  "dir_acc": 0.4880952380952381,
  "backtest": {
    "avg_daily_pnl": -0.0002767285895970066,
    "vol": 0.007649396813789483,
    "sharpe": -0.574,
    "hit_ratio": 0.488,
    "turnover": 0.861
  }
}