{
  "model": "esn",
  "exp_id": "m4_hidden_size800_spectral_radius0.95_leak_rate0.3_ridge_alpha3",
  "fold": 0,
  "horizon": "target_h1",
  "rmse": 0.01037798057353929,
  "mae": 0.007881336660369817,
  "r2": -0.8648632808520142,
  "dir_acc": 0.49603174603174605,
  "backtest": {
    "avg_daily_pnl": 0.0005742523069732133,
    "vol": 0.007615334942982602,
    "sharpe": 1.197,
    "hit_ratio": 0.496,
    "turnover": 0.361
  }
}