{
  "model": "lstm",
  "exp_id": "m4_seq_len64_hidden256_epochs15_82a1764c",
  "fold": 0,
  "horizon": "target_h1",
  "rmse": 0.0078051223030277134,
  "mae": 0.005729764029749861,
  "r2": -0.05482573352868214,
  "dir_acc": 0.503968253968254,
  "backtest": {
    "avg_daily_pnl": 0.0005084463836279262,
    "vol": 0.007627582503937539,
    "sharpe": 1.058,
    "hit_ratio": 0.504,
    "turnover": 0.202
  }
}