{
  "model": "lstm",
  "exp_id": "m4_seq_len32_hidden256_epochs15_4d1396b3",
  "fold": 0,
  "horizon": "target_h1",
  "rmse": 0.007603343880768839,
  "mae": 0.005460640444996051,
  "r2": -0.0009918857163588868,
  "dir_acc": 0.5,
  "backtest": {
    "avg_daily_pnl": 0.00030671535237290055,
    "vol": 0.007638347132123581,
    "sharpe": 0.637,
    "hit_ratio": 0.5,
    "turnover": 0.321
  }
}