{
  "model": "lstm",
  "exp_id": "m4_seq_len32_hidden256_epochs15_4d1396b3",
  "fold": 0,
  "horizon": "target_h1",
  "rmse": 0.008411991222007585,
  "mae": 0.006096628642019009,
  "r2": -0.02386273828288732,
  "dir_acc": 0.49603174603174605,
  "backtest": {
    "avg_daily_pnl": -1.4896235216260905e-05,
    "vol": 0.008334622793221695,
    "sharpe": -0.028,
    "hit_ratio": 0.496,
    "turnover": 0.274
  }
}