{
  "model": "esn",
  "exp_id": "m4_hidden_size400_spectral_radius0.95_leak_rate0.3_ridge_alpha3",
  "fold": 0,
  "horizon": "target_h1",
  "rmse": 0.008707435506203183,
  "mae": 0.006574358684933506,
  "r2": -0.31280984173308046,
  "dir_acc": 0.46825396825396826,
  "backtest": {
    "avg_daily_pnl": 0.00011645173918786135,
    "vol": 0.007643480388475778,
    "sharpe": 0.242,
    "hit_ratio": 0.468,
    "turnover": 0.456
  }
}