{
  "model": "tcn",
  "exp_id": "m4_seq_len32_channels64_128_epochs15_45a48935",
  "fold": 0,
  "horizon": "target_h1",
  "rmse": 0.011633698146305806,
  "mae": 0.008750225663580918,
  "r2": -0.9583021405071674,
  "dir_acc": 0.503968253968254,
  "backtest": {
    "avg_daily_pnl": 0.0007165129879745732,
    "vol": 0.00829407326373228,
    "sharpe": 1.371,
    "hit_ratio": 0.504,
    "turnover": 0.988
  }
}