{
  "model": "tcn",
  "exp_id": "m4_seq_len32_channels64_128_epochs15_45a48935",
  "fold": 0,
  "horizon": "target_h1",
  "rmse": 0.0089679895458438,
  "mae": 0.006688103237308599,
  "r2": -0.3925521803587826,
  "dir_acc": 0.5079365079365079,
  "backtest": {
    "avg_daily_pnl": 0.00027930444615389917,
    "vol": 0.007646938349678864,
    "sharpe": 0.58,
    "hit_ratio": 0.508,
    "turnover": 0.821
  }
}