{
  "model": "transformer",
  "exp_id": "m4_seq_len32_d_model128_epochs15_341648fd",
  "fold": 0,
  "horizon": "target_h1",
  "rmse": 0.009738289334505419,
  "mae": 0.00763040161999285,
  "r2": -0.6420509879408511,
  "dir_acc": 0.5476190476190477,
  "backtest": {
    "avg_daily_pnl": 0.0004582773602638733,
    "vol": 0.007629161778303656,
    "sharpe": 0.954,
    "hit_ratio": 0.548,
    "turnover": 0.353
  }
}