{
  "model": "esn",
  "exp_id": "m4_hidden_size400_spectral_radius0.85_leak_rate1.0_ridge_alpha0",
  "fold": 0,
  "horizon": "target_h1",
  "rmse": 0.00921198421030112,
  "mae": 0.006762858086981262,
  "r2": -0.4693581316338433,
  "dir_acc": 0.4523809523809524,
  "backtest": {
    "avg_daily_pnl": -0.00019383866887206897,
    "vol": 0.007653396764596284,
    "sharpe": -0.402,
    "hit_ratio": 0.452,
    "turnover": 0.845
  }
}