{
  "model": "esn",
  "exp_id": "m4_hidden_size400_spectral_radius0.95_leak_rate1.0_ridge_alpha3",
  "fold": 0,
  "horizon": "target_h1",
  "rmse": 0.009062398474043514,
  "mae": 0.006577649290453454,
  "r2": -0.4220262042473295,
  "dir_acc": 0.48412698412698413,
  "backtest": {
    "avg_daily_pnl": -0.00029989841238562483,
    "vol": 0.007648874289199964,
    "sharpe": -0.622,
    "hit_ratio": 0.484,
    "turnover": 0.877
  }
}