{
  "model": "tcn",
  "exp_id": "m4_seq_len64_channels64_128_epochs15_15d0df5f",
  "fold": 0,
  "horizon": "target_h1",
  "rmse": 0.008968718128490032,
  "mae": 0.0066907742905754405,
  "r2": -0.3927784586257961,
  "dir_acc": 0.5119047619047619,
  "backtest": {
    "avg_daily_pnl": 0.00030349439526181505,
    "vol": 0.007645695364967548,
    "sharpe": 0.63,
    "hit_ratio": 0.512,
    "turnover": 0.806
  }
}