{
  "model": "tcn",
  "exp_id": "m4_seq_len64_channels64_128_epochs15_15d0df5f",
  "fold": 0,
  "horizon": "target_h1",
  "rmse": 0.011622994650745797,
  "mae": 0.008722702986947837,
  "r2": -0.9547003561654683,
  "dir_acc": 0.5119047619047619,
  "backtest": {
    "avg_daily_pnl": 0.000759982158174263,
    "vol": 0.008291757704649091,
    "sharpe": 1.455,
    "hit_ratio": 0.512,
    "turnover": 1.02
  }
}