{
  "model": "ridge",
  "fold": 0,
  "horizon": "target_h5",
  "rmse": 0.015875862786872197,
  "mae": 0.012175022418868678,
  "r2": -0.1421893064779185,
  "dir_acc": 0.44841269841269843,
  "backtest": {
    "avg_daily_pnl": -0.0011033380480743058,
    "vol": 0.015387527156343155,
    "sharpe": -1.138,
    "hit_ratio": 0.448,
    "turnover": 0.464
  }
}