{
  "model": "ridge",
  "fold": 0,
  "horizon": "target_h20",
  "rmse": 0.03153556450458936,
  "mae": 0.025150322951578877,
  "r2": -0.7665651275304635,
  "dir_acc": 0.38095238095238093,
  "backtest": {
    "avg_daily_pnl": -0.008837013727585403,
    "vol": 0.02786722488636017,
    "sharpe": -5.034,
    "hit_ratio": 0.381,
    "turnover": 0.377
  }
}