{
  "model": "ridge",
  "fold": 0,
  "horizon": "target_h1",
  "rmse": 0.007678057315833031,
  "mae": 0.005499092322283835,
  "r2": -0.020760816143113203,
  "dir_acc": 0.4880952380952381,
  "backtest": {
    "avg_daily_pnl": 3.536082409559885e-05,
    "vol": 0.007642034539993297,
    "sharpe": 0.073,
    "hit_ratio": 0.488,
    "turnover": 0.734
  }
}