{
  "model": "ridge",
  "fold": 0,
  "horizon": "target_h20",
  "rmse": 0.033855047552795926,
  "mae": 0.026869790311605878,
  "r2": -0.23131916868042324,
  "dir_acc": 0.4365079365079365,
  "backtest": {
    "avg_daily_pnl": -0.004383155235672191,
    "vol": 0.03261528428941353,
    "sharpe": -2.133,
    "hit_ratio": 0.437,
    "turnover": 0.425
  }
}