{
  "model": "ridge",
  "fold": 0,
  "horizon": "target_h5",
  "rmse": 0.018029446305257376,
  "mae": 0.013631059340556258,
  "r2": -0.05122991240156716,
  "dir_acc": 0.44841269841269843,
  "backtest": {
    "avg_daily_pnl": -0.002098181846105881,
    "vol": 0.017626862432496188,
    "sharpe": -1.89,
    "hit_ratio": 0.448,
    "turnover": 0.425
  }
}