{
  "model": "ridge",
  "fold": 0,
  "horizon": "target_h1",
  "rmse": 0.008334989760116741,
  "mae": 0.005988647394107663,
  "r2": -0.0052041142517864625,
  "dir_acc": 0.49206349206349204,
  "backtest": {
    "avg_daily_pnl": 7.716786655492856e-05,
    "vol": 0.008323154583849718,
    "sharpe": 0.147,
    "hit_ratio": 0.492,
    "turnover": 0.687
  }
}