{
  "model": "esn",
  "exp_id": "m4_hidden_size800_spectral_radius0.85_leak_rate1.0_ridge_alpha3",
  "fold": 0,
  "horizon": "target_h1",
  "rmse": 0.01071586167782196,
  "mae": 0.008298925434951424,
  "r2": -0.9882705919703028,
  "dir_acc": 0.5079365079365079,
  "backtest": {
    "avg_daily_pnl": 0.0003074500234884659,
    "vol": 0.007636242853647995,
    "sharpe": 0.639,
    "hit_ratio": 0.508,
    "turnover": 0.813
  }
}