{
  "model": "lstm",
  "exp_id": "m4_seq_len64_hidden256_epochs15_e39d3dca",
  "fold": 0,
  "horizon": "target_h1",
  "rmse": 0.008143245017299447,
  "mae": 0.005783581846963688,
  "r2": -0.14819670282133224,
  "dir_acc": 0.503968253968254,
  "backtest": {
    "avg_daily_pnl": -0.00023812846539323975,
    "vol": 0.007644599111872997,
    "sharpe": -0.494,
    "hit_ratio": 0.504,
    "turnover": 0.52
  }
}