{
  "model": "esn",
  "exp_id": "m4_hidden_size800_spectral_radius0.95_leak_rate1.0_ridge_alpha0",
  "fold": 0,
  "horizon": "target_h1",
  "rmse": 0.0110409848859784,
  "mae": 0.00848793391057002,
  "r2": -1.1107506015416662,
  "dir_acc": 0.5119047619047619,
  "backtest": {
    "avg_daily_pnl": 0.00019624706347823025,
    "vol": 0.007638050796767647,
    "sharpe": 0.408,
    "hit_ratio": 0.512,
    "turnover": 0.798
  }
}