{
  "model": "esn",
  "exp_id": "m4_hidden_size800_spectral_radius0.95_leak_rate1.0_ridge_alpha0",
  "fold": 0,
  "horizon": "target_h1",
  "rmse": 0.01115095898342507,
  "mae": 0.008700716741784595,
  "r2": -0.7991548874974601,
  "dir_acc": 0.5277777777777778,
  "backtest": {
    "avg_daily_pnl": 5.338219443478697e-05,
    "vol": 0.008341966335654977,
    "sharpe": 0.102,
    "hit_ratio": 0.528,
    "turnover": 0.893
  }
}