{
  "model": "lstm",
  "exp_id": "m4_seq_len64_hidden128_epochs15_e9fa9e8d",
  "fold": 0,
  "horizon": "target_h1",
  "rmse": 0.007647878472243215,
  "mae": 0.00541373695388984,
  "r2": -0.012752321547875312,
  "dir_acc": 0.5515873015873016,
  "backtest": {
    "avg_daily_pnl": 0.00046019444682104797,
    "vol": 0.007628476226207768,
    "sharpe": 0.958,
    "hit_ratio": 0.552,
    "turnover": 0.21
  }
}