{
  "model": "lstm",
  "exp_id": "m4_seq_len32_hidden256_epochs15_b7be48b3",
  "fold": 0,
  "horizon": "target_h1",
  "rmse": 0.008143245231633914,
  "mae": 0.00578358338438508,
  "r2": -0.14819676326360853,
  "dir_acc": 0.503968253968254,
  "backtest": {
    "avg_daily_pnl": -0.00023812846539323975,
    "vol": 0.007644599111872997,
    "sharpe": -0.494,
    "hit_ratio": 0.504,
    "turnover": 0.52
  }
}