{
  "model": "transformer",
  "exp_id": "m4_seq_len64_d_model128_epochs15_09dfabeb",
  "fold": 0,
  "horizon": "target_h1",
  "rmse": 0.011380504499613737,
  "mae": 0.00821428016950114,
  "r2": -1.242561286523626,
  "dir_acc": 0.5079365079365079,
  "backtest": {
    "avg_daily_pnl": 0.00025860802522600294,
    "vol": 0.007647581522428152,
    "sharpe": 0.537,
    "hit_ratio": 0.508,
    "turnover": 0.687
  }
}