{
  "model": "transformer",
  "fold": 0,
  "horizon": "target_h1",
  "rmse": 0.014368751154174523,
  "mae": 0.011094817365933981,
  "r2": -1.9873228667434408,
  "dir_acc": 0.4801587301587302,
  "backtest": {
    "avg_daily_pnl": -0.0001271714017816098,
    "vol": 0.008332486173327007,
    "sharpe": -0.242,
    "hit_ratio": 0.48,
    "turnover": 0.456
  }
}