{
  "model": "transformer",
  "fold": 0,
  "horizon": "target_h1",
  "rmse": 0.011387367921575887,
  "mae": 0.009363387231668631,
  "r2": -1.2452670164194983,
  "dir_acc": 0.5515873015873016,
  "backtest": {
    "avg_daily_pnl": 0.0010179592452103248,
    "vol": 0.0075644974125203355,
    "sharpe": 2.136,
    "hit_ratio": 0.552,
    "turnover": 0.321
  }
}