{
  "model": "esn",
  "exp_id": "m4_hidden_size800_spectral_radius0.85_leak_rate0.3_ridge_alpha0",
  "fold": 0,
  "horizon": "target_h1",
  "rmse": 0.014547979170585782,
  "mae": 0.011011127417495497,
  "r2": -2.6646004627818702,
  "dir_acc": 0.5238095238095238,
  "backtest": {
    "avg_daily_pnl": 0.00026890004748629623,
    "vol": 0.0076418035475365,
    "sharpe": 0.559,
    "hit_ratio": 0.524,
    "turnover": 0.329
  }
}