{
  "model": "esn",
  "exp_id": "m4_hidden_size400_spectral_radius0.95_leak_rate0.3_ridge_alpha0",
  "fold": 0,
  "horizon": "target_h1",
  "rmse": 0.012551524527840339,
  "mae": 0.009791095938200918,
  "r2": -1.2794867622904267,
  "dir_acc": 0.503968253968254,
  "backtest": {
    "avg_daily_pnl": -0.00011826033522304489,
    "vol": 0.008333260972288033,
    "sharpe": -0.225,
    "hit_ratio": 0.504,
    "turnover": 0.298
  }
}