{
  "model": "esn",
  "exp_id": "m4_hidden_size400_spectral_radius0.95_leak_rate0.3_ridge_alpha0",
  "fold": 0,
  "horizon": "target_h1",
  "rmse": 0.009976381572694452,
  "mae": 0.0075063740866005485,
  "r2": -0.7233258162023803,
  "dir_acc": 0.48412698412698413,
  "backtest": {
    "avg_daily_pnl": -3.1672683627141235e-05,
    "vol": 0.0076428453914879155,
    "sharpe": -0.066,
    "hit_ratio": 0.484,
    "turnover": 0.464
  }
}