{
  "model": "lstm",
  "fold": 0,
  "horizon": "target_h1",
  "rmse": 0.009392311807538297,
  "mae": 0.007025080256993162,
  "r2": -0.2764068319620714,
  "dir_acc": 0.5079365079365079,
  "backtest": {
    "avg_daily_pnl": 0.00020755933712792392,
    "vol": 0.008324637541240517,
    "sharpe": 0.396,
    "hit_ratio": 0.508,
    "turnover": 0.337
  }
}