{
  "model": "lstm",
  "fold": 0,
  "horizon": "target_h1",
  "rmse": 0.009392311966999916,
  "mae": 0.0070250805692818824,
  "r2": -0.27640687530345653,
  "dir_acc": 0.5079365079365079,
  "backtest": {
    "avg_daily_pnl": 0.00020755933712792392,
    "vol": 0.008324637541240517,
    "sharpe": 0.396,
    "hit_ratio": 0.508,
    "turnover": 0.337
  }
}