{
  "model": "tcn",
  "exp_id": "m4_seq_len64_channels64_64_epochs15_164c7418",
  "fold": 0,
  "horizon": "target_h1",
  "rmse": 0.013193110201888753,
  "mae": 0.010041066704276198,
  "r2": -1.5184799426676658,
  "dir_acc": 0.5753968253968254,
  "backtest": {
    "avg_daily_pnl": 0.001080462637916093,
    "vol": 0.008248764262140657,
    "sharpe": 2.079,
    "hit_ratio": 0.575,
    "turnover": 0.79
  }
}