{
  "model": "tcn",
  "exp_id": "m4_seq_len64_channels64_64_epochs15_164c7418",
  "fold": 0,
  "horizon": "target_h1",
  "rmse": 0.009491107861082098,
  "mae": 0.006973226468923583,
  "r2": -0.5597504113562513,
  "dir_acc": 0.5,
  "backtest": {
    "avg_daily_pnl": -0.00021390515996041166,
    "vol": 0.007635561823061868,
    "sharpe": -0.445,
    "hit_ratio": 0.5,
    "turnover": 0.933
  }
}