{
  "model": "esn",
  "exp_id": "m4_hidden_size800_spectral_radius0.85_leak_rate1.0_ridge_alpha0",
  "fold": 0,
  "horizon": "target_h1",
  "rmse": 0.011162913382344654,
  "mae": 0.008659575294587425,
  "r2": -1.1576271619821217,
  "dir_acc": 0.5119047619047619,
  "backtest": {
    "avg_daily_pnl": 0.00027698523168311604,
    "vol": 0.007638295946641361,
    "sharpe": 0.576,
    "hit_ratio": 0.512,
    "turnover": 0.829
  }
}