{
  "model": "lstm",
  "exp_id": "m4_seq_len64_hidden256_epochs15_346e7c7e",
  "fold": 0,
  "horizon": "target_h1",
  "rmse": 0.008922302008670453,
  "mae": 0.006514224616088706,
  "r2": -0.1518553801851359,
  "dir_acc": 0.5357142857142857,
  "backtest": {
    "avg_daily_pnl": 0.0002540394971721867,
    "vol": 0.008327527358093502,
    "sharpe": 0.484,
    "hit_ratio": 0.536,
    "turnover": 0.433
  }
}