{
  "model": "esn",
  "exp_id": "m4_hidden_size400_spectral_radius0.85_leak_rate0.3_ridge_alpha0",
  "fold": 0,
  "horizon": "target_h1",
  "rmse": 0.009957923748828677,
  "mae": 0.007383979273194794,
  "r2": -0.7169548853100007,
  "dir_acc": 0.4722222222222222,
  "backtest": {
    "avg_daily_pnl": -0.00025874755754137123,
    "vol": 0.007643809026444166,
    "sharpe": -0.537,
    "hit_ratio": 0.472,
    "turnover": 0.464
  }
}