{
  "model": "lstm",
  "exp_id": "m4_seq_len64_hidden128_epochs15_e5f4a4a7",
  "fold": 0,
  "horizon": "target_h1",
  "rmse": 0.008349748498885689,
  "mae": 0.005930199136506774,
  "r2": -0.008767089128590477,
  "dir_acc": 0.5793650793650794,
  "backtest": {
    "avg_daily_pnl": 0.0008757064359243761,
    "vol": 0.008281008991345373,
    "sharpe": 1.679,
    "hit_ratio": 0.579,
    "turnover": 0.337
  }
}