{
  "model": "lstm",
  "exp_id": "m4_seq_len64_hidden128_epochs15_e5f4a4a7",
  "fold": 0,
  "horizon": "target_h1",
  "rmse": 0.007662287163447231,
  "mae": 0.005523417886010001,
  "r2": -0.016571990408635218,
  "dir_acc": 0.5079365079365079,
  "backtest": {
    "avg_daily_pnl": 0.0004747963448993157,
    "vol": 0.007633514221940939,
    "sharpe": 0.987,
    "hit_ratio": 0.508,
    "turnover": 0.282
  }
}