{
  "model": "lstm",
  "exp_id": "m4_seq_len32_hidden256_epochs15_00960fb7",
  "fold": 0,
  "horizon": "target_h1",
  "rmse": 0.0076429317808965275,
  "mae": 0.005471558672630223,
  "r2": -0.011442637303122671,
  "dir_acc": 0.5198412698412699,
  "backtest": {
    "avg_daily_pnl": 0.0004838293501361119,
    "vol": 0.007620492272928309,
    "sharpe": 1.008,
    "hit_ratio": 0.52,
    "turnover": 0.671
  }
}