{
  "model": "esn",
  "exp_id": "m4_hidden_size800_spectral_radius0.95_leak_rate1.0_ridge_alpha3",
  "fold": 0,
  "horizon": "target_h1",
  "rmse": 0.010686708099018692,
  "mae": 0.008201498574481223,
  "r2": -0.9774667284930558,
  "dir_acc": 0.5158730158730159,
  "backtest": {
    "avg_daily_pnl": 0.00023548730194682149,
    "vol": 0.0076374401761537805,
    "sharpe": 0.489,
    "hit_ratio": 0.516,
    "turnover": 0.798
  }
}