{
  "model": "esn",
  "exp_id": "m4_hidden_size400_spectral_radius0.85_leak_rate1.0_ridge_alpha3",
  "fold": 0,
  "horizon": "target_h1",
  "rmse": 0.009085233328707556,
  "mae": 0.006643386353030101,
  "r2": -0.4292014949685192,
  "dir_acc": 0.4603174603174603,
  "backtest": {
    "avg_daily_pnl": -0.00012914380474441026,
    "vol": 0.007651740831251022,
    "sharpe": -0.268,
    "hit_ratio": 0.46,
    "turnover": 0.829
  }
}