{
  "model": "tcn",
  "exp_id": "m4_seq_len64_channels64_64_epochs15_2d28f0cb",
  "fold": 0,
  "horizon": "target_h1",
  "rmse": 0.011666338946112432,
  "mae": 0.008667872471428167,
  "r2": -1.3566249478872945,
  "dir_acc": 0.5476190476190477,
  "backtest": {
    "avg_daily_pnl": 0.000633587874147198,
    "vol": 0.007611462171194855,
    "sharpe": 1.321,
    "hit_ratio": 0.548,
    "turnover": 0.687
  }
}