{
  "model": "esn",
  "exp_id": "m4_hidden_size800_spectral_radius0.85_leak_rate0.3_ridge_alpha3",
  "fold": 0,
  "horizon": "target_h1",
  "rmse": 0.01758971236253471,
  "mae": 0.01475458578611777,
  "r2": -3.476737107707571,
  "dir_acc": 0.5,
  "backtest": {
    "avg_daily_pnl": 3.509533594615819e-05,
    "vol": 0.008329546850794968,
    "sharpe": 0.067,
    "hit_ratio": 0.5,
    "turnover": 0.194
  }
}