{
  "model": "esn",
  "exp_id": "m4_hidden_size800_spectral_radius0.85_leak_rate0.3_ridge_alpha3",
  "fold": 0,
  "horizon": "target_h1",
  "rmse": 0.010413772068250459,
  "mae": 0.007874782140262614,
  "r2": -0.8777485123729505,
  "dir_acc": 0.503968253968254,
  "backtest": {
    "avg_daily_pnl": 0.0003707262288940363,
    "vol": 0.00763337987181458,
    "sharpe": 0.771,
    "hit_ratio": 0.504,
    "turnover": 0.329
  }
}