{
  "model": "lstm",
  "exp_id": "m4_seq_len32_hidden128_epochs15_24265f0e",
  "fold": 0,
  "horizon": "target_h1",
  "rmse": 0.00849767829629286,
  "mae": 0.006340764198147104,
  "r2": -0.2503219693053731,
  "dir_acc": 0.47619047619047616,
  "backtest": {
    "avg_daily_pnl": -1.4491977241660848e-05,
    "vol": 0.0076446566599729605,
    "sharpe": -0.03,
    "hit_ratio": 0.476,
    "turnover": 0.496
  }
}