{
  "model": "tcn",
  "exp_id": "m4_seq_len64_channels64_128_epochs15_5289c1cb",
  "fold": 0,
  "horizon": "target_h1",
  "rmse": 0.008731301146854973,
  "mae": 0.0063564678306138106,
  "r2": -0.32001609310639023,
  "dir_acc": 0.5277777777777778,
  "backtest": {
    "avg_daily_pnl": -5.441620107749608e-05,
    "vol": 0.007650061028961522,
    "sharpe": -0.113,
    "hit_ratio": 0.528,
    "turnover": 0.766
  }
}