{
  "model": "esn",
  "exp_id": "m4_hidden_size800_spectral_radius0.95_leak_rate0.3_ridge_alpha0",
  "fold": 0,
  "horizon": "target_h1",
  "rmse": 0.014309102111786558,
  "mae": 0.01079898241899569,
  "r2": -2.5452433961602297,
  "dir_acc": 0.5396825396825397,
  "backtest": {
    "avg_daily_pnl": 0.00031445904533262476,
    "vol": 0.0076385521688177764,
    "sharpe": 0.654,
    "hit_ratio": 0.54,
    "turnover": 0.409
  }
}